,date,negative_0,neutral_0,positive_0,negative_1,neutral_1,positive_1,negative_2,neutral_2,positive_2,negative_3,neutral_3,positive_3,negative_4,neutral_4,positive_4,price,open,max,min,negative,neutral,positive,topic_0,topic_1,topic_2,topic_3,topic_4
0,2021-10-29,13.487262431532145,98.46569810807705,5.005061322357506,0.6785462237894535,5.963861852884293,0.17818519612774253,2.5857101138681173,15.805172860622406,0.3493251451291144,1.367569549009204,9.25106906145811,0.29137227148748934,0.0,0.0,0.0,1843.83,1872.94,1872.96,1829.85,18.11908831819892,129.48580188304186,5.823943935101852,121.0,8.0,20.0,12.0,0.0
1,2021-10-28,22.81994747975841,158.78793421387672,6.9864320535562,1.77069485001266,24.26276034116745,0.7133064505178481,0.8469485938549042,6.7810959815979,0.43855250207707286,2.2306243255734444,12.955951273441315,0.40830745780840516,0.47216715663671494,3.7960914969444275,0.045718087640125304,1880.37,1874.63,1884.33,1857.28,28.140382405836135,206.58383330702782,8.592316551599652,198.0,29.0,10.0,16.0,4.0
2,2021-10-27,17.464287265203893,135.33694902062416,5.744695154426154,1.0366038237698376,16.487987637519836,0.7992125626187772,1.1184995509684086,10.03366157412529,0.4081098132301122,1.617711454629898,9.290552854537964,0.3598982826806605,0.18707534670829773,2.6675798296928406,0.13467814587056637,1891.28,1910.3,1914.54,1879.33,21.424177441280335,173.8167309165001,7.44659395882627,169.0,20.0,13.0,11.0,3.0
3,2021-10-26,17.134371863212436,119.39186324179173,7.069112166296691,0.3147942293435335,5.399688124656677,0.23350905627012253,0.773731192573905,6.373949229717255,0.2263068868778646,1.964135529473424,10.781770065426826,0.5256833080202341,0.45729945600032806,3.4682445526123047,0.033041933784261346,1916.29,1925.11,1933.59,1916.29,20.644332270603627,145.4155152142048,8.087653351249173,152.0,7.0,9.0,14.0,4.0
4,2021-10-25,15.259562340565026,107.56228866800666,5.534954685717821,0.38098803348839283,5.8848772048950195,0.13406737614423037,0.243234409019351,2.4579747319221497,0.1330144889652729,1.84299894887954,13.356456756591797,0.3166670398786664,0.2942249774932861,0.967909336090088,0.002560912864282727,1919.58,1885.1,1919.58,1879.69,18.021008709445596,130.2295066975057,6.1212645035702735,136.0,7.0,3.0,15.0,1.0
5,2021-10-22,17.491534357890487,117.82518777251244,5.565438598627225,0.3561109565198421,1.138211339712143,0.08205530978739262,0.2789161428809166,3.861681282520294,0.11926758987829089,1.3198515325784683,8.521089345216751,0.3287059622234665,0.051855459809303284,0.9219318628311156,0.0034934247378259893,1877.99,1869.19,1901.91,1867.48,19.498268449679017,132.26810160279274,6.0989608852542005,149.0,2.0,5.0,11.0,1.0
6,2021-10-21,16.81713830959052,110.31028088927269,5.787550195120275,0.29546526074409485,2.0699387788772583,0.103373683989048,0.642629936337471,5.021125316619873,0.10401783231645823,0.6908043101429939,5.04536110162735,0.14248445071280003,0.0,0.0,0.0,1868.16,1897.21,1900.99,1865.38,18.44603781681508,122.44670608639717,6.137426162138581,141.0,3.0,6.0,6.0,0.0
7,2021-10-20,18.098800596781075,125.88466507196426,7.225838825921528,0.08295710757374763,2.840108096599579,0.11964429542422295,0.43079181760549545,6.224238574504852,0.0627448596060276,0.4615308828651905,8.405344784259796,0.29374052956700325,0.04604391008615494,0.9783946871757508,0.010662510991096495,1904.77,1900.69,1906.85,1889.05,19.120124314911664,144.33275121450424,7.712631021509878,161.0,3.0,7.0,10.0,1.0
8,2021-10-19,15.097484808415174,114.09453888237476,4.781342042362667,0.21352559700608253,4.572664260864258,0.1433639219030738,0.3370545245707035,2.1540679931640625,0.12451537838205695,1.0134795997291803,8.442630648612976,0.47487980825826526,0.0,0.0,0.0,1900.04,1890.05,1901.94,1880.34,16.66154452972114,129.26390178501606,5.524101150906063,140.0,5.0,3.0,10.0,0.0
9,2021-10-18,13.80243850313127,87.46129323542118,6.892179259390105,0.24416108801960945,4.3238365650177,0.06274470896460116,0.25547338277101517,2.650968611240387,0.04441840061917901,2.0922694001346827,14.787990629673004,0.3830443921033293,0.2007565312087536,1.949616491794586,0.031086841598153114,1876.56,1884.39,1884.39,1869.25,16.59509890526533,111.17370553314686,7.413473602675367,117.0,5.0,3.0,17.0,2.0
10,2021-10-15,11.235124659724534,82.10506343841553,4.586950434138998,0.16655997931957245,3.3815589547157288,0.11145594529807568,0.16628171503543854,1.3164218217134476,0.43766823038458824,0.9100438505411148,7.821888118982315,0.17865095543675125,0.23371636867523196,0.8311530351638794,0.004080137703567743,1891.56,1888.52,1893.71,1878.47,12.711726573295891,95.4560853689909,5.318805702961981,104.0,4.0,3.0,10.0,1.0
11,2021-10-14,22.69777319021523,162.6539594680071,9.965521862730384,0.04886778444051743,0.8840492963790894,0.013646835461258888,1.2823014855384827,5.003654807806015,0.07704324764199555,1.1621630266308784,7.608843624591827,0.25242268992587924,0.08751075528562069,1.8167251348495483,0.0950314886868,1875.97,1875.38,1890.46,1873.37,25.27861624211073,177.96723233163357,10.403666124446318,210.0,1.0,6.0,10.0,2.0
12,2021-10-13,23.148289419710636,154.93711465597153,9.40187345072627,0.2537173926830292,2.256932497024536,0.20913990028202534,0.20553199015557766,2.7123416662216187,0.01246578386053443,1.1410627230070531,9.262466698884964,0.4128348503727466,0.06720640510320663,1.917588710784912,0.04732440784573555,1855.11,1869.05,1869.05,1835.8,24.815807930659503,171.08644422888756,10.083638393087313,207.0,3.0,3.0,11.0,2.0
13,2021-12-10,16.263625718653202,111.20431220531464,7.610850730445236,0.0,0.0,0.0,0.5506857596337795,4.585617005825043,0.06869210535660386,1.0451175477355719,5.530860632658005,0.2789078364148736,0.0,0.0,0.0,1869.94,1867.33,1876.79,1860.64,17.859429026022553,121.32078984379768,7.958450672216713,145.0,0.0,5.0,7.0,0.0
14,2021-11-10,11.352707957703387,87.09643772244453,5.78152795843198,0.16432534717023373,2.6085954308509827,0.07185224443674088,0.15466080605983734,1.8728332519531248,0.023493723943829536,0.6777831297367811,7.3444178104400635,0.08788779622409493,0.03309597820043564,0.9825675487518309,0.008857354521751406,1882.43,1871.73,1883.71,1867.58,12.382573218870675,99.90485176444054,5.973619077558396,112.0,3.0,2.0,8.0,1.0
15,2021-08-10,11.497650978155434,92.56843436742201,5.799178232904524,0.027595279738307003,0.8354935646057129,0.01972912810742855,0.32070835679769516,2.3569566011428833,0.14776694402098656,1.3746392764151096,10.006178379058838,0.3491635392419994,0.14034625887870789,0.7431780099868774,0.016924913972616196,1860.96,1852.83,1866.89,1845.19,13.360940149985254,106.51024092221633,6.332762758247554,116.0,1.0,3.0,12.0,1.0
16,2021-07-10,16.72507000528276,116.64453290402889,4.854246924747713,0.6312813507393003,4.158589988946915,0.2841121070086956,0.14415885508060455,0.9566442370414734,0.02844603545963764,0.7908388767391443,8.969233244657516,0.2908751955255866,0.2762467488646507,1.785979986190796,0.024990652687847614,1853.99,1840.11,1856.58,1818.69,18.56759583670646,132.5149803608656,5.48267091542948,144.0,6.0,1.0,11.0,2.0
17,2021-06-10,22.3276065797545,149.581484220922,9.304421576904133,0.20146846026182175,2.4620766639709473,0.14547228161245584,0.3000153675675392,3.4606473445892334,0.08107665530405939,1.785609319806099,14.674055606126785,0.2743680803105235,0.1272226832807064,1.6065796613693237,0.03545471467077732,1814.64,1854.48,1854.97,1808.41,24.741922410670668,171.78484349697828,9.840793308801949,195.0,3.0,4.0,17.0,2.0
18,2021-05-10,18.724747888743877,145.82746812701225,7.441686704958556,0.28207662515342236,1.5223351120948792,0.048211540561169386,0.7011370584368706,2.3719290494918823,0.19013938214629889,1.215865295380354,11.44038039445877,0.281588799552992,0.22584553994238374,2.495603561401367,0.03687451221048832,1840.11,1793.01,1840.37,1793.01,21.149672407656908,163.65771624445915,7.998500939429505,183.0,2.0,4.0,13.0,3.0
19,2021-04-10,14.090805732645094,111.76190349459648,7.1243462359998375,0.15584278851747513,2.771593749523163,0.1981994081288576,0.18430150300264359,1.8768410086631775,0.02413890790194273,1.706379720941186,14.370695143938065,0.4271551843266934,0.0,0.0,0.0,1785.75,1775.49,1791.34,1769.91,16.1373297451064,130.7810333967209,7.773839736357331,146.0,3.0,2.0,18.0,0.0
20,2021-01-10,14.39558910112828,116.78114595264196,5.751325098492089,0.21485696826130155,2.2597163915634155,0.03362696012482047,1.0666669309139252,6.825988590717316,0.27552674198523164,1.5997266126796603,15.37909871339798,0.4118439191952348,0.720832722261548,5.644894063472748,0.1955694160424173,1771.5,1762.31,1776.24,1754.69,17.997672335244715,146.89084371179342,6.667892135839793,146.0,3.0,8.0,18.0,7.0
21,2021-09-30,18.510502957738936,163.28354835510254,6.649669025558978,0.6017502024769783,5.223411560058594,0.06522619258612394,0.6511844657361507,6.639837712049484,0.5789220910519361,0.8673124946653843,8.544397726655006,0.5639824084937572,0.18286207690835,2.595667779445648,0.038406232837587595,1777.74,1768.12,1780.94,1758.65,20.8136121975258,186.28686313331127,7.896205950528383,197.0,6.0,8.0,10.0,3.0
22,2021-09-29,14.471486579626799,102.46070696413517,4.8415184982004575,0.18149573728442192,1.7494850158691406,0.04756685718894005,0.0,0.0,0.0,1.4662595372647047,6.459932625293732,0.21016649971716106,0.18714269995689392,0.4378334879875183,0.050340626388788216,1756.52,1750.65,1764.93,1747.59,16.30638455413282,111.10795809328556,5.149592481495347,130.0,2.0,0.0,9.0,1.0
23,2021-09-28,15.294240781106055,119.4847225099802,5.2856381182791665,0.01855656690895557,0.99219411611557,0.0980893224477768,0.4479190707206726,2.4118961095809937,0.027108403854072094,0.7755824290215969,5.4436416029930115,0.08291070768609643,0.27424226701259613,1.395794838666916,0.0748857797589153,1756.26,1785.05,1788.01,1749.61,16.810541114769876,129.7282491773367,5.568632332026027,148.0,1.0,3.0,6.0,2.0
24,2021-09-27,11.784011756069958,80.90451427921653,4.632037763018161,0.26664266362786293,1.3681828081607819,0.03228784538805485,0.3583025187253952,3.3982338905334473,0.06430684961378574,0.9197963364422321,8.946554243564606,0.11942791333422065,0.0,0.0,0.0,1774.24,1765.25,1775.24,1760.34,13.328753274865448,94.61748522147536,4.848060371354222,102.0,2.0,4.0,10.0,0.0
25,2021-09-24,13.999554342590272,102.86989504098892,5.247697239625268,0.04337579756975174,0.8596737384796143,0.014513582922518253,0.34118709340691566,3.089428275823593,0.07376107014715672,1.9828309644944966,8.503625094890594,0.10110705276019871,0.0,0.0,0.0,1747.56,1751.0,1751.74,1733.26,16.366948198061436,115.32262215018272,5.437078945455141,128.0,1.0,4.0,10.0,0.0
26,2021-09-23,11.848365902435035,116.71683393418789,5.163046457222663,0.2741868197917938,1.6213728785514832,0.10144473984837532,0.09535945951938628,0.7371681928634644,0.01641303114593029,1.6674140971153975,7.048405706882477,0.3282351065427065,0.0,0.0,0.0,1753.21,1752.72,1759.01,1741.41,13.885326278861612,126.12378071248531,5.609139334759675,137.0,2.0,1.0,9.0,0.0
27,2021-09-22,15.956158782355487,112.75942504405975,6.055575756588951,0.22788384929299355,4.338839769363403,0.1649379141163081,0.1550535224378109,2.719677686691284,0.05063355853781104,0.511759340763092,5.267101585865021,0.2502631968818605,0.03022458776831627,0.9777238368988036,0.007587242405861615,1747.31,1730.06,1747.31,1728.48,16.8810800826177,126.06276792287827,6.528997668530792,142.0,5.0,3.0,6.0,1.0
28,2021-09-21,17.47322978125885,154.01880790293217,6.579327145591378,0.7955905348062515,5.659183740615845,0.03438890416873619,1.6396845132112503,8.987054497003555,0.24184160446748137,0.08931430242955685,1.8092937469482422,0.013978975359350443,0.3073680400848389,0.4843900501728058,0.02844603545963764,1710.9,1710.61,1721.1,1704.51,20.30518717179075,170.95872993767262,6.897982665046584,186.0,6.0,11.0,2.0,1.0
29,2021-09-20,8.192494207061827,67.85594210028648,3.670659877359867,0.06755668669939041,0.9046605229377748,0.01323282066732645,0.25173249281942844,3.3676745891571045,0.07559898775070906,0.11951830051839352,2.9142240285873413,0.052420750027522445,0.0,0.0,0.0,1700.66,1717.05,1718.55,1695.03,8.63130168709904,75.0425012409687,3.811912435805425,83.0,1.0,4.0,3.0,0.0
30,2021-09-17,14.434432505164295,103.99146756529808,5.395636215573177,0.20508838817477226,2.0218979120254517,0.24995394423604012,0.847137376666069,5.103077471256256,0.06865225080400705,1.325323261320591,17.019243896007538,0.4022197191370651,0.07370626926422119,0.8519628047943115,0.005921069998294115,1745.04,1756.17,1758.81,1738.96,16.88568780058995,128.98764964938164,6.122383199748583,130.0,3.0,6.0,19.0,1.0
31,2021-09-16,15.032259996980429,120.97924595698714,5.545081305666827,0.0694475881755352,1.9008435606956482,0.05345001071691513,0.36468143574893475,4.463985085487366,0.08842541836202145,0.9723777361214161,7.485971957445145,0.21205616975203156,0.3691878002136946,1.7336520552635193,0.0500786486081779,1755.64,1768.68,1772.83,1748.76,16.80795455724001,136.56369861587882,5.949091553105973,148.0,2.0,5.0,9.0,2.0
32,2021-09-15,16.898132001515478,106.60514017939568,6.978222271776758,0.0191340371966362,0.9836069941520692,0.007825888693332672,0.556784600019455,4.148063361644745,0.09355839993804693,1.248653993010521,9.168337404727936,0.30956515669822693,0.3118504546582699,2.686903417110443,0.020149725023657084,1766.67,1751.85,1773.04,1749.48,19.03455508640036,123.59205135703087,7.409321442130022,142.0,1.0,5.0,11.0,3.0
33,2021-09-14,15.27653672080487,98.8242049664259,4.913943731167819,0.12704294361174107,1.972994863986969,0.019731091801077127,0.36929890513420105,2.4408100247383118,0.12431930704042317,0.4612442832440138,4.267659544944763,0.10046359524130821,0.26003765873610973,2.4928274154663086,0.0769577925093472,1754.6,1755.29,1760.36,1746.38,16.494160511530936,109.99849681556225,5.235415517759975,128.0,2.0,3.0,5.0,3.0
34,2021-09-13,9.312954709253972,79.26954288780689,5.961463395593455,0.4845814183354378,1.89902725815773,0.09653069637715816,0.04604391008615494,0.9046605229377748,0.01323282066732645,0.1216641515493393,2.8044576048851013,0.03319502784870565,0.0,0.0,0.0,1751.08,1728.23,1751.08,1724.72,9.965244189224904,84.8776882737875,6.104421940486645,104.0,3.0,1.0,3.0,0.0
35,2021-10-09,14.050624736584723,121.92332099378109,5.5288946711225435,0.06809487752616405,1.82872474193573,0.04369419999420643,0.19867806881666183,1.1955306231975555,0.13579277880489826,1.6646248083561659,9.624955743551254,0.17196886241436005,0.41383470967411995,3.563535153865814,0.010761882411316037,1725.25,1729.11,1734.77,1721.15,16.395857200957835,138.13606725633144,5.891112394747324,150.0,2.0,2.0,11.0,4.0
36,2021-09-09,16.912650786340237,109.15006944537163,5.097058329032734,0.06755668669939041,0.9783946871757508,0.012441651895642279,0.8981965128332376,3.8625249564647675,0.09205171756912023,1.072384625673294,3.7768222242593765,0.1436286314856261,0.02844603545963764,0.952584147453308,0.001042230986058712,1726.37,1723.35,1733.71,1715.14,18.979234647005796,118.72039546072483,5.346222560969181,140.0,1.0,5.0,5.0,1.0
37,2021-08-09,14.662992166355252,127.50991716980934,7.682153161847964,0.4609372019767761,5.886620402336121,0.19043121812865138,0.644810926169157,3.8255832195281982,0.35986857675015926,0.28514777682721615,4.214480698108673,0.10188209742773324,0.1294127255678177,0.6297846436500549,0.01283121295273304,1726.53,1723.42,1733.71,1709.79,16.18330079689622,142.0663861334324,8.34716626710724,159.0,7.0,6.0,5.0,1.0
38,2021-07-09,13.171344575006515,107.29901592433453,5.410666309297085,0.7299859765917063,6.002437710762024,0.25067969039082527,0.7955733388662338,2.5150172114372253,0.039019014686346054,0.20011704601347446,1.695933759212494,0.07058689370751381,0.26514287292957306,1.5771241784095764,0.03440924547612667,1723.91,1738.97,1742.31,1721.46,15.162163809407502,119.08952878415585,5.805361153557897,130.0,8.0,3.0,2.0,2.0
39,2021-06-09,10.462094655260444,82.41346597671509,4.562322516459972,0.1714010015130043,1.7163006663322449,0.08780664391815662,0.6876519545912743,1.8038278222084045,0.23798968410119414,1.4341468140482903,7.899604916572571,0.4030409874394536,0.04886778444051743,0.9926641583442688,0.0033866118174046282,1737.01,1729.36,1738.74,1728.88,12.80416220985353,94.82586354017258,5.294546443736181,105.0,2.0,3.0,11.0,1.0
40,2021-03-09,18.52915543364361,146.39245080947876,7.3763433010317385,0.834099542349577,6.7279751896858215,0.2692407630383969,0.33312486950308084,2.815359890460968,0.09176396392285824,0.6731218956410885,8.161332488059998,0.1943094595335424,0.04886778444051743,0.9046605229377748,0.07808816432952881,1734.16,1719.43,1734.16,1713.13,20.418369525577873,165.00177890062332,8.009745651856065,180.0,8.0,4.0,9.0,1.0
41,2021-02-09,25.465009884443134,198.2931735161692,10.18069966044277,0.47241069935262203,4.84087061882019,0.5650742176221684,0.09876015782356264,1.866795837879181,0.014087481424212457,1.4407995771616697,11.875605583190918,0.5040524989599362,0.3415925204753876,0.8558611869812012,0.02034235186874866,1726.61,1720.56,1728.79,1713.97,27.818572839256376,217.73230674304068,11.284256210317835,248.0,6.0,2.0,14.0,1.0
42,2021-01-09,13.75590028706938,102.83928081393242,7.5041809676913545,0.35937904566526413,1.3794127404689789,0.09982146508991718,0.761738296598196,5.774798810482025,0.2971405000425875,1.0244281655177474,13.999271273612976,0.2500728196464479,0.01283121295273304,0.8221991658210754,0.016924913972616196,1715.09,1689.29,1716.51,1689.29,15.91427700780332,124.81496280431747,8.168140666442923,140.0,2.0,8.0,16.0,1.0
43,2021-08-31,12.769895361736417,89.87683841586113,5.2609456275822595,0.6552198454737663,6.240563660860062,0.4432325679808855,1.029786393046379,8.19164428114891,0.26057200180366635,0.9950275495648384,9.035591542720795,0.17607638542540371,0.14034625887870789,0.6076731681823729,0.04469086229801178,1684.16,1689.93,1694.19,1678.18,15.590275408700109,113.95231106877327,6.185517445090227,112.0,9.0,10.0,10.0,1.0
44,2021-08-30,7.458235034253448,70.10025760531425,2.644290176103823,1.7085452135652304,21.88104799389839,0.6825869749300182,0.8166493754833937,7.11933434009552,0.25991366850212216,1.0898941103368998,7.051476836204529,0.2654094975441694,0.05501529201865196,0.6370407938957214,0.02034235186874866,1684.7,1669.47,1684.7,1669.47,11.128339025657624,106.78915756940842,3.8725426689488813,84.0,28.0,9.0,8.0,1.0
45,2021-08-27,9.112996574491262,63.16430304944515,3.2600087611936033,1.4235205557197332,14.699629008769989,0.5198809001594782,1.2445436529815197,8.24947538971901,0.38470164500176907,0.8297532498836517,7.582109421491623,0.20376761839725077,0.2585881669074297,2.6889150738716125,0.020827287342399362,1664.25,1642.58,1664.25,1634.7,12.869402199983597,96.38443194329739,4.389186212094501,79.0,20.0,12.0,9.0,3.0
46,2021-08-26,8.576641017571092,71.03862015902996,3.9165267180651426,0.9802699331194162,11.066883832216263,0.44600987271405756,0.8807833231985569,7.382251441478729,0.23541006306186318,0.951935600489378,6.082226932048798,0.2590974848717451,0.09010298550128937,0.7490972280502319,0.01323282066732645,1634.79,1648.21,1650.36,1627.66,11.479732859879732,96.31907959282398,4.870276959380135,86.0,14.0,9.0,8.0,1.0
47,2021-08-25,9.395658310502768,66.73878288269043,3.8565545061137527,0.3197772577404976,4.560407608747482,0.271875923499465,0.44417669996619225,4.88024640083313,0.14612923003733158,0.693370882421732,5.852819204330444,0.11912621138617396,0.32775597274303436,1.5573525428771973,0.07626718212850392,1653.56,1660.78,1663.39,1647.57,11.180739123374224,83.58960863947868,4.469953053165227,83.0,6.0,6.0,7.0,2.0
48,2021-08-24,9.375511294230819,83.60843519866467,4.032754396088421,0.15611489117145538,0.8311530351638794,0.03733688220381737,0.6824922319501638,4.874300479888916,0.1276762541383505,0.6700601540505886,3.7763061821460724,0.08860334474593401,0.0,0.0,0.0,1660.9,1658.37,1663.79,1647.2,10.884178571403027,93.09019489586353,4.286370877176523,104.0,1.0,6.0,5.0,0.0
49,2021-08-23,6.934285717085004,59.97318623960018,3.622129659401253,0.3911357410252094,4.377267062664032,0.10638444498181343,0.2534986510872841,1.563889980316162,0.03183278813958168,0.3355163745582104,3.491882860660553,0.0584655893035233,0.07160120457410812,0.9863731861114502,0.0047651990316808215,1649.94,1642.23,1651.11,1640.12,7.986037688329816,70.39259932935238,3.823577680857852,75.0,5.0,2.0,4.0,1.0
50,2021-08-20,9.588981086853892,77.43770037591457,5.2497152358992025,0.17964449897408485,3.244127035140991,0.15232136845588684,0.40989481657743454,4.329838693141937,0.1364663215354085,2.9683311246335506,11.245201483368874,0.30965799221303314,0.0,0.0,0.0,1623.5,1639.98,1641.28,1618.0,13.146851527038962,96.25686758756638,5.848160918103531,101.0,4.0,5.0,16.0,0.0
51,2021-08-19,14.420413185842335,91.55361872166395,4.5347870150581,0.9473438207060099,9.755200684070587,0.6821587271988392,0.6452629417181015,2.7693901360034943,0.16021904535591602,0.7072217259556055,8.068743705749512,0.06464158440940082,0.22936644218862057,2.6585113406181335,0.0793538682628423,1635.63,1651.73,1651.83,1630.9,16.949608116410673,114.80546458810568,5.5211602402850986,119.0,13.0,4.0,9.0,3.0
52,2021-08-18,10.080943857319653,73.03867001831532,3.963558865711093,0.24623503349721432,3.552807033061981,0.26848363038152456,0.8918765969574451,5.305389583110809,0.09320716094225645,0.6288388073444366,3.260180413722992,0.07402884121984243,0.0,0.0,0.0,1675.21,1694.66,1695.41,1672.52,11.84789429511875,85.1570470482111,4.399278498254716,92.0,5.0,6.0,4.0,0.0
53,2021-08-17,10.744684668577975,78.2166941985488,3.732521628815448,0.3122106324881315,4.9930225014686584,0.12778749922290444,0.5051300153136253,3.874847650527954,0.24255209835246205,0.711124911904335,2.026932120323181,0.07861947920173407,0.0,0.0,0.0,1689.76,1669.15,1690.23,1669.02,12.273150228284067,89.11149647086859,4.1814807055925485,96.0,6.0,6.0,3.0,0.0
54,2021-08-16,9.702787954360247,65.30220913887024,3.4297996661625803,0.6606150306761265,9.02243447303772,0.3164849104359746,0.4883076101541519,3.550303727388382,0.16059094946831465,0.4765514740720391,6.648151934146881,0.08222877699881792,0.01641303114593029,0.9046605229377748,0.007825888693332672,1674.09,1657.91,1674.09,1654.47,11.344675100408494,85.427759796381,3.99693019175902,84.0,11.0,5.0,7.0,1.0
55,2021-08-13,9.379126096144319,64.52379267849028,2.3355488100787625,1.2576785515993834,14.358399152755737,0.6129979966208339,0.5014972612261772,3.7272933423519135,0.21099478006362915,0.28647662326693535,3.6571429669857025,0.11034815944731237,1.1028902363032103,3.281051516532898,0.028854588512331247,1666.44,1662.83,1670.6,1660.41,12.527668768540025,89.54767965711653,3.298744334722869,81.0,19.0,6.0,5.0,5.0
56,2021-12-08,10.02634109556675,57.51658224314451,3.3607262286823243,0.3841124717146158,5.330901384353638,0.27974803000688553,0.29042546451091766,4.997049272060394,0.168035127222538,0.0,0.0,0.0,0.0,0.0,0.0,1665.56,1661.65,1670.41,1659.57,10.700879031792283,67.84453289955854,3.808509385911748,77.0,7.0,6.0,0.0,0.0
57,2021-11-08,12.022622282005614,86.74642097949982,4.130271751288092,0.04604391008615494,0.8774868249893188,0.015434555709362032,0.5438623260706663,6.40771222114563,0.2190503291785717,0.8515469431877136,7.522337108850479,0.26963034458458424,0.02844603545963764,0.8479777574539185,0.03022458776831627,1656.2,1651.3,1659.87,1638.97,13.492521496809786,102.40193489193916,4.664611568528926,111.0,1.0,8.0,9.0,1.0
58,2021-10-08,10.633826470002532,73.2569209933281,2.7778294938616455,0.1542723998427391,2.119881570339203,0.1880302783101797,0.3471076712012291,3.411702513694763,0.13826646865345538,0.44765621796250343,4.975374460220337,0.1700763744302094,0.16819114983081818,1.9080964922904968,0.017188227269798517,1646.47,1647.57,1653.89,1640.21,11.751053908839822,85.6719760298729,3.2913908425252885,93.0,3.0,4.0,6.0,2.0
59,2021-09-08,10.539084563031793,70.20226892828941,4.2405786390881985,0.34941187128424644,3.754065692424774,0.23854384571313858,0.11982978321611881,2.5759793519973755,0.07847823388874531,0.619275763630867,4.031887352466583,0.12010094942525029,0.04209772497415543,0.952584147453308,0.08036746829748154,1641.07,1625.53,1647.88,1623.35,11.66969970613718,81.51678547263145,4.758069136412814,90.0,5.0,3.0,5.0,1.0
60,2021-06-08,10.402205516118556,66.39665451645851,3.754346683854237,0.35119396820664406,5.553603231906891,0.2649555765092373,0.8878060132265091,3.8433870673179626,0.07712206896394491,0.4643624722957611,4.634248733520508,0.08467254554852845,0.26285186409950256,0.8354935646057129,0.027595279738307003,1632.87,1655.13,1655.52,1629.81,12.368419833946973,81.26338711380959,4.208692154614255,86.0,7.0,5.0,5.0,1.0
61,2021-05-08,11.145954578649253,85.21203708648682,3.963058009278029,0.8761540967971087,8.697842329740524,0.6802461855113506,0.8193942159414291,3.7575037479400635,0.23627023911103606,0.23340115509927273,2.6789331436157227,0.048835350666195154,0.22750204801559448,1.7109039425849915,0.029801842290908098,1653.31,1636.3,1653.84,1635.07,13.302406094502658,102.05722025036812,4.958211626857519,107.0,12.0,6.0,3.0,2.0
62,2021-04-08,7.86777608920238,69.13109314441681,4.1361292806395795,0.0878533385694027,1.8572446703910828,0.030726070515811443,0.32090918719768524,1.5157887935638428,0.06694332882761955,0.446088588796556,7.254851400852203,0.19631030643358827,0.275139719247818,0.7431780099868774,0.009135636501014231,1640.3,1648.2,1651.97,1636.97,8.997766923013842,80.50215601921082,4.439244622917613,85.0,2.0,2.0,8.0,1.0
63,2021-03-08,6.417029399424791,54.04075635969639,3.0748107274994254,0.2766764033585787,2.7260619401931763,0.09941254975274205,0.7273332811892033,4.460404932498932,0.1222256226465106,0.20748505182564259,1.563889980316162,0.03965905960649252,0.3998216390609741,0.6859594583511353,0.0029910325538367033,1637.7,1632.84,1641.88,1624.14,8.02834577485919,63.477072671055794,3.3390989920590073,67.0,3.0,6.0,2.0,1.0
64,2021-02-08,9.216001096036052,73.05516274273396,3.747737071797019,0.27336174063384533,3.7803242206573486,0.2050168327987194,0.572789360769093,5.509165793657303,0.22465552296489477,0.8162725660949945,8.042672634124756,0.10702292155474424,0.04743587225675583,0.8774868249893188,0.0695517510175705,1635.9,1632.24,1644.27,1630.27,10.925860635790741,91.26481221616268,4.353984100132948,90.0,5.0,7.0,9.0,1.0
65,2021-07-30,9.207739564590156,73.78265668451786,5.152667872374877,0.9572759512811899,11.62834233045578,0.3446561978198588,1.0661067124456167,8.266120612621307,0.33623127709142864,1.0300343381240964,5.761493563652039,0.3055090052075684,0.0,0.0,0.0,1625.76,1626.66,1636.17,1620.15,12.26115656644106,99.43861319124699,6.139064352493733,97.0,15.0,10.0,8.0,0.0
66,2021-07-29,11.045886621344835,76.67503929138184,3.2775905964663252,1.6040902230888605,16.973803132772446,0.6392051284201443,0.6594411376863718,7.371627688407898,0.24028572253882885,0.1739995740354061,3.5422427654266357,0.10093798814341426,0.0,0.0,0.0,1639.35,1630.24,1639.35,1628.76,13.483417556155473,104.56271287798882,4.258019435568713,95.0,22.0,9.0,4.0,0.0
67,2021-07-28,12.006916975602508,90.20071411132812,7.10652429057518,1.4176668599247932,15.824727535247803,0.4707794194109738,0.7485364302992821,6.14921173453331,0.183046308811754,0.570761313661933,7.347232341766357,0.15171319316141307,0.038179581984877586,1.8745160102844236,0.03516368381679058,1616.34,1601.49,1616.34,1599.17,14.782061161473393,121.39640173316002,7.947226895776112,120.0,20.0,8.0,8.0,2.0
68,2021-07-27,8.108046496286988,50.73454104363918,3.4989932611351833,0.6354277823120356,6.620113551616669,0.3022431137505919,0.351972334086895,2.366440236568451,0.14654487185180187,0.8835615739226341,3.223354697227478,0.14267658069729805,0.0,0.0,0.0,1594.64,1603.27,1607.61,1593.43,9.979008186608553,62.94444952905178,4.090457827434875,67.0,9.0,4.0,4.0,0.0
69,2021-07-26,10.381548441480845,79.88141511380672,5.122834037640132,0.564829820767045,5.685714244842529,0.20161499455571175,0.47451478615403175,3.15580952167511,0.1804477982223034,0.7126180753111839,3.5820875763893127,0.027902663918212056,0.0,0.0,0.0,1602.53,1584.31,1605.14,1574.63,12.133511123713106,92.30502645671368,5.532799494336359,102.0,7.0,4.0,4.0,0.0
70,2021-07-23,11.416569766588509,98.03219603002071,6.029488154803403,0.17319693602621555,3.8397375345230103,0.06975120252172928,0.24221813678741455,1.5799307227134705,0.020537858130410317,0.9217333346605301,11.231312096118927,0.5428650667890906,0.08270734548568726,0.8840492963790894,0.009135636501014231,1595.86,1607.53,1609.15,1592.9,12.836425519548357,115.56722567975521,6.671777918745647,125.0,4.0,2.0,13.0,1.0
71,2021-07-22,12.240895262453705,89.56596633791924,4.882502841297537,0.6715840250253677,5.5296023190021515,0.31231053499504924,0.4022270552814007,3.110162615776062,0.14692281745374203,4.729154299013317,42.88612821698189,1.3304346178192645,0.7365894392132759,2.558180809020996,0.11324032815173268,1599.74,1597.81,1605.78,1592.45,18.780450080987066,143.65004029870033,6.785411139717326,116.0,8.0,4.0,51.0,4.0
72,2021-07-21,12.471949765458703,92.2627900224179,4.686589843593538,0.5231880582869053,3.497957170009613,0.057787813479080796,0.051855459809303284,0.7431780099868774,0.02443309314548969,4.167332863435149,34.19428086280823,1.1052481837105006,0.20082128793001175,1.819150984287262,0.02571061532944441,1586.12,1573.65,1587.2,1564.29,17.415147434920073,132.51735704950988,5.899769549258053,116.0,4.0,1.0,41.0,2.0
73,2021-07-20,8.580226296093315,61.56264877319336,4.0106524005532265,0.06009664759039879,0.7931159734725952,0.013646835461258888,0.1778208613395691,0.9284188151359558,0.017452487722039226,1.4653166830539703,11.678344622254372,0.2583192312158644,0.2680341247469187,2.6654553413391113,0.051500598434358835,1567.28,1565.35,1573.31,1551.73,10.551494612824172,77.6279835253954,4.351571553386748,77.0,1.0,1.0,14.0,3.0
74,2021-07-19,12.48389138514176,82.26935639232397,6.03909596207086,0.0,0.0,0.0,0.28326815366744995,2.2332681715488434,0.030796507839113467,0.5359230116009712,3.7170835733413696,0.13803995866328478,0.03623005375266075,0.9859463572502136,0.0043415031395852574,1559.4,1587.95,1587.95,1552.48,13.339312604162842,89.2056544944644,6.2122739317128435,114.0,0.0,3.0,5.0,1.0
75,2021-07-16,9.885935606434941,62.9381078183651,3.649463638663292,0.28673393838107586,5.620106041431427,0.11392318550497293,0.3476913459599018,5.082839906215668,0.20232540741562843,0.5798467816784978,7.926425755023956,0.12187911802902818,0.85289166867733,3.914350152015686,0.03723940812051296,1603.1,1610.16,1620.5,1593.29,11.953099341131747,85.48182967305183,4.124830757733434,83.0,7.0,6.0,9.0,5.0
76,2021-07-15,12.564397195819765,89.18718929588795,6.938793083652854,0.027595279738307003,0.9553291201591492,0.00507033197209239,0.7923580780625343,5.726355612277985,0.3817263077944517,0.5001382287591696,4.011967778205872,0.08050377713516355,0.22159399092197418,1.8798541426658628,0.02311588218435645,1612.08,1624.02,1629.49,1608.89,14.10608277330175,101.76069594919682,7.429209382738918,117.0,1.0,7.0,5.0,2.0
77,2021-07-14,11.110311459284276,75.14341285824776,6.18934743583668,0.06009664759039879,0.6723417043685913,0.03515484184026718,0.09740573726594448,1.9150537252426147,0.015023929765447974,0.17042558640241623,1.3675927519798279,0.14822893775999546,0.08757384121417999,0.6926519870758057,0.06755668669939041,1625.77,1635.15,1642.74,1624.76,11.525813271757215,79.7910530269146,6.455311831901781,101.0,1.0,2.0,2.0,1.0
78,2021-07-13,11.841081068851054,77.48227870464325,3.9534350017784163,0.05906333774328232,1.0467581748962402,0.10439975187182426,0.3858352582901716,1.734217792749405,0.09754308126866817,0.6454902775585651,4.0686284601688385,0.1277041658759117,0.2339339256286621,1.6254175305366516,0.004712333902716637,1648.84,1650.95,1653.21,1631.73,13.165403868071735,85.95730066299438,4.287794334697537,101.0,2.0,3.0,5.0,2.0
79,2021-12-07,11.41040838509798,59.857758954167366,3.3286958900280297,0.23763863742351532,2.53972727060318,0.03371710306964815,0.36622196435928345,3.017915651202202,0.07947870809584856,0.9801332093775272,14.997432947158813,0.2126522061880678,0.06366503238677979,1.9638978838920593,0.026263421867042776,1640.22,1634.62,1643.94,1622.69,13.058067228645086,82.37673270702362,3.680807329248637,79.0,3.0,4.0,16.0,2.0
80,2021-09-07,11.58690988458693,80.62880859524012,4.12237655709032,0.03515484184026718,0.8872146010398865,0.04209772497415543,0.36377985775470734,2.5728073716163635,0.12967252731323242,0.7474367879331112,8.635958731174469,0.10399914695881307,0.0,0.0,0.0,1635.04,1631.37,1644.08,1628.07,12.733281372115016,92.72478929907084,4.398145956336521,104.0,1.0,3.0,10.0,0.0
81,2021-08-07,9.021462972741574,68.19083109498024,4.404459759360179,0.08596588671207428,1.7844261527061462,0.0377307403832674,0.37726259231567383,1.988760083913803,0.15749727608636022,0.4632100909948349,3.6842143535614014,0.11182191222906113,0.0,0.0,0.0,1627.64,1628.91,1629.46,1608.27,9.947901542764157,75.64823168516159,4.711509688058868,86.0,2.0,3.0,4.0,0.0
82,2021-07-07,13.520265069790184,95.82003702223301,4.914115478983149,0.3612842634320259,3.453614503145218,0.11554251244524494,0.28145707398653036,0.9349523484706879,0.06344474025536329,0.6217194627970457,6.564328074455261,0.14484183629974723,0.0,0.0,0.0,1641.42,1648.92,1661.88,1633.2,14.784725870005786,106.77293194830418,5.237944567983504,125.0,5.0,2.0,8.0,0.0
83,2021-06-07,10.24966697387572,65.51057344675064,3.724800424766727,0.17337940633296967,2.7658731341362,0.11037985142320395,0.8475042805075645,5.554982244968414,0.4739437885582447,0.282641151919961,4.342089235782623,0.23582970397546887,0.0,0.0,0.0,1644.99,1676.35,1682.69,1643.67,11.553191812636214,78.17351806163788,4.544953768723644,85.0,3.0,7.0,5.0,0.0
84,2021-05-07,10.584633350372314,82.77179546654224,4.036706670885906,0.08510905504226685,0.7981967926025391,0.0029910325538367033,0.10424309223890305,1.8811963200569153,0.0766973018180579,0.26136810379102826,3.152930438518524,0.06940915109589696,0.07586817443370819,0.7826725244522095,0.1294127255678177,1664.55,1665.44,1667.54,1658.5,11.11122177587822,89.38679154217243,4.315216881921515,102.0,1.0,2.0,4.0,1.0
85,2021-02-07,13.096666995435953,79.4324085265398,5.94337213342078,0.0980893224477768,0.9732507467269896,0.0049154055304825315,0.6020439118146896,4.368285298347473,0.08786246902309358,0.2717173844575882,3.3598824739456177,0.16114849713630974,0.0,0.0,0.0,1659.72,1650.94,1666.1,1644.06,14.068517614156008,88.13382704555988,6.197298505110666,106.0,1.0,5.0,4.0,0.0
86,2021-01-07,13.0239302162081,94.15434636175632,4.581543322885409,0.12591252848505974,1.6987670063972473,0.05814220942556858,0.37620600685477257,4.0144102573394775,0.08329621935263276,0.9375432096421719,6.436965048313141,0.3540303965564817,0.07559354975819588,2.568176746368408,0.03687250381335616,1656.61,1656.7,1676.18,1654.68,14.5391855109483,108.8726654201746,5.113884652033448,118.0,2.0,5.0,8.0,3.0
87,2021-06-30,16.953557500615716,112.42686152458191,7.092812182381749,0.0,0.0,0.0,0.7037038328126073,8.476492762565613,0.2714755766792223,0.43024556525051594,6.449216663837433,0.19694800139404833,0.19126973301172256,1.2899968922138214,0.05533054564148188,1653.78,1646.58,1662.32,1632.33,18.27877663169056,128.64256784319878,7.616566306096502,150.0,0.0,10.0,7.0,2.0
88,2021-06-29,8.187671719118953,67.33771163225174,2.986594508285634,0.06561483442783356,0.9496793746948242,0.002810927340760827,0.5666507184505463,3.3422884345054626,0.07256994256749749,0.7990148849785328,3.5006062388420105,0.045157479122281075,0.00035599165130406624,1.0000100135803225,1.000000338535756e-05,1640.08,1663.68,1665.66,1638.35,9.61930814862717,76.13029569387436,3.107142857319559,84.0,1.0,4.0,4.0,1.0
89,2021-06-28,11.389053964987397,82.46052142977715,3.196198080200702,0.3805488981306553,3.200834333896637,0.057402690406888716,0.1968362182378769,0.6150978803634644,0.07370626926422119,0.2097321767359972,3.344099670648575,0.043158946486073546,0.11597072333097458,0.9019306898117064,0.038476187735795975,1669.75,1673.18,1681.18,1667.1,12.292141981422901,90.52248400449753,3.4089421740936814,101.0,4.0,1.0,4.0,1.0
90,2021-06-25,11.297671349020675,73.20768953859806,4.002909029601142,0.1586115062236786,2.6395593881607056,0.026162651018239558,0.6693465858697891,2.3822048902511597,0.08581204526126385,0.6721306014806032,7.194476008415222,0.1412587973754853,0.44314420968294144,3.813312530517578,0.03703133808448911,1672.08,1668.4,1672.67,1660.54,13.240904252277687,89.23724235594273,4.29317386134062,95.0,3.0,3.0,8.0,4.0
91,2021-06-24,14.39485662151128,96.16471350193024,4.881840976071544,0.2589069902896881,1.8010621070861816,0.06932972557842731,0.45764339342713356,2.9999900460243225,0.14344796165823936,0.9178267847746611,8.0776007771492,1.0580452859867364,0.13661839067935946,0.8221991658210754,0.03115382604300976,1664.94,1666.52,1673.59,1656.41,16.165852180682123,109.86556559801102,6.183817775337957,120.0,2.0,4.0,10.0,1.0
92,2021-06-23,16.82800353318453,105.64893461763859,6.356092375004664,0.1520422399044037,0.9416641592979432,0.006107562687247992,0.30764593929052353,2.1739267110824585,0.07273957645520568,0.9484477825462818,12.44089874625206,0.2737837228924036,0.16027602553367615,0.9304682612419128,0.08757384121417999,1666.21,1661.13,1671.72,1655.29,18.396415520459414,122.13589249551296,6.796297078253701,135.0,1.0,3.0,14.0,1.0
93,2021-06-22,10.738179354113527,65.99161175638437,3.9471904027741402,0.14805719256401062,0.8311530351638794,0.02162533439695835,0.41106806695461273,2.5046234130859375,0.10857523372396825,0.3761284463107586,3.4904069900512695,0.05946056847460568,0.06009664759039879,0.966924011707306,0.01169725600630045,1645.59,1650.49,1652.42,1638.95,11.733529707533307,73.78471920639277,4.148548795375973,87.0,1.0,3.0,4.0,1.0
94,2021-06-21,8.625146196223795,70.20765918493271,4.231211426551454,0.05963306687772274,1.8148633241653442,0.04290180699899793,0.3884860873222351,4.648683786392212,0.03324550180695951,0.5235189255326986,5.464938521385193,0.16842928854748607,0.0,0.0,0.0,1642.39,1637.74,1646.3,1627.28,9.596784275956452,82.13614481687546,4.475788023904897,91.0,2.0,5.0,7.0,0.0
95,2021-06-18,5.992806663736701,47.56900414824486,2.1002378357225098,0.3674239069223404,2.4882811903953552,0.06354675907641649,0.3866221085190773,2.0551101863384247,0.15462846867740157,0.22756220027804375,2.761865019798279,0.021973744966089725,0.05341333150863648,0.989681839942932,0.005230126902461052,1646.72,1657.59,1661.68,1644.12,7.027828210964799,55.86394238471985,2.3456169353448786,59.0,3.0,3.0,3.0,1.0
96,2021-06-17,12.477680798619986,87.5575539469719,4.592508638103027,0.010023568756878376,0.9362950325012208,0.010338151827454569,0.10553021728992464,1.8647138476371765,0.015501325484365225,0.2798114698380232,4.260552704334259,0.10629976959899068,0.012441651895642279,0.9984121918678284,0.0007196703809313476,1664.38,1651.9,1674.03,1649.57,12.885487706400454,95.61752772331238,4.725367555394769,110.0,1.0,2.0,5.0,1.0
97,2021-06-16,11.804745395667851,99.46128951013088,4.696748641261365,0.24329502508044243,2.070009231567383,0.08794998191297056,0.0,0.0,0.0,1.1031892383471131,12.849041759967804,0.2537899499293417,0.24569456465542316,4.683130621910095,0.046255460823886096,1679.02,1669.37,1681.13,1664.65,13.39692422375083,119.06347112357616,5.084744033927564,127.0,3.0,0.0,15.0,5.0
98,2021-06-15,15.99458184838295,97.96319819241762,6.248488890356384,0.2478707656264305,2.280845284461975,0.06538382358849049,0.18288417719304562,1.7057287096977234,0.08864880399778485,0.36279289424419403,5.233528733253479,0.06635660491883755,0.2067386251874268,1.9636677503585815,0.005003644153475761,1665.31,1691.65,1695.46,1663.82,16.994868310634047,109.14696867018938,6.473881767014973,130.0,3.0,2.0,6.0,2.0
99,2021-06-14,4.609655819833279,28.11622229218483,1.2993895506951958,0.12253321707248688,0.8479777574539185,0.02034235186874866,0.0,0.0,0.0,0.8724939115345478,3.63233482837677,0.06427413783967495,0.0,0.0,0.0,1687.37,1679.91,1688.11,1673.62,5.604682948440313,32.59653487801552,1.3840060404036194,36.0,1.0,0.0,5.0,0.0
100,2021-11-06,15.523475634865463,100.31167706102133,7.40262441925006,0.04743587225675583,0.8670457601547241,0.014073628932237623,0.37308409437537193,3.1872861087322235,0.09712196420878172,0.12519022077322006,2.8831650614738464,0.01650840055663139,0.0,0.0,0.0,1678.57,1686.05,1692.47,1676.86,16.06918582227081,107.24917399138212,7.530328412947711,138.0,1.0,4.0,3.0,0.0
101,2021-10-06,10.640836209990084,83.36480677127838,5.387220648583025,0.5006973445415497,1.8135740756988525,0.05363488011062145,0.3064455706626177,4.392563343048096,0.19540929049253464,0.6201594900339842,6.860512435436249,0.11898328037932517,0.0,0.0,0.0,1677.36,1673.27,1686.58,1666.56,12.068138615228236,96.43145662546158,5.755248099565506,110.0,2.0,5.0,8.0,0.0
102,2021-09-06,16.016127523966134,110.31575033813715,6.622485998319462,0.3116891663521528,3.8713679909706116,0.14688314660452306,0.2822178564965725,2.363821506500244,0.04199733794666827,1.2636863347142935,13.271301597356796,0.24651881982572377,0.05341333150863648,0.8311530351638794,0.032110705971717834,1674.75,1668.1,1678.95,1660.91,17.92713421303779,130.65339446812868,7.089996008668095,146.0,5.0,3.0,16.0,1.0
103,2021-08-06,14.286260832566768,102.90439482033253,5.8185595974791795,0.3075176514685154,1.964282751083374,0.15709028393030167,0.526259096339345,3.763239473104477,0.084950627759099,2.0281158685684204,13.942257463932037,0.3246575751109049,0.11597072333097458,0.9659096002578736,0.01169725600630045,1656.46,1651.13,1660.72,1645.3,17.264124172274023,123.54008410871029,6.3969553402857855,131.0,3.0,5.0,17.0,1.0
104,2021-07-06,9.499050693586469,75.06980091333389,4.13187183230184,0.4406530410051346,1.876689612865448,0.04540618788450956,0.39916113391518593,4.7189242243766785,0.08732469659298658,0.7405857685953379,6.3912040293216705,0.29684222070500255,0.1732981950044632,0.8267217874526978,0.014513582922518253,1652.99,1644.74,1655.16,1637.06,11.25274883210659,88.88334056735039,4.575958520406857,100.0,3.0,5.0,9.0,1.0
105,2021-04-06,32.46659173956141,238.87561328709126,12.574157427065074,0.43601228669285774,4.8496100306510925,0.11570836789906025,0.1611558496952057,2.8798109889030457,0.038855372462421656,2.9273845427669585,37.755645245313644,0.845611835597083,0.22777413576841354,2.5012012124061584,0.055665066465735435,1647.06,1636.67,1649.03,1619.27,36.218918554484844,286.8618807643652,13.629998069489375,306.0,6.0,3.0,44.0,3.0
106,2021-03-06,31.871477900771424,268.36916641891,14.157570240320638,0.4700193256139755,3.3483006358146667,0.08830539695918561,0.7295155487954617,3.260788142681122,0.05609903740696609,2.315149948000908,20.074625357985497,1.2586981737986207,0.1313492376357317,2.5914217829704285,0.10137127619236708,1636.51,1650.35,1652.1,1625.55,35.5175119608175,297.64430233836174,15.662044124677777,331.0,4.0,4.0,25.0,3.0
107,2021-02-06,21.040591256154585,154.81127262488008,7.971199169274769,0.7944937348365784,3.6978909373283386,0.257567698135972,0.787447564303875,3.5191783607006073,0.148608704097569,1.184716109186411,14.222465455532074,0.6541707313153893,0.0,0.0,0.0,1643.66,1613.99,1643.66,1611.46,23.80724866448145,176.2508073784411,9.031546302823699,196.0,5.0,5.0,18.0,0.0
108,2021-01-06,15.387522949371487,120.28133972734213,7.261160616879351,0.17906218767166138,2.639863908290863,0.03253609570674598,0.5740200541913509,5.004900097846985,0.23533836286514997,0.606554685626179,8.0497065782547,0.10562987509183586,0.2727251145988703,2.313414514064789,0.04858381114900112,1614.21,1609.56,1622.82,1609.56,17.01988499145955,138.28922482579947,7.683248761692084,156.0,3.0,6.0,9.0,3.0
109,2021-05-31,14.277309796772897,88.2126038223505,4.513628719781991,0.7981440871953964,5.992847591638565,0.14726711623370647,0.4383179508149624,2.9794111847877502,0.12270478717982769,0.18714269995689392,0.7490972280502319,0.10088862478733064,0.0695517510175705,0.9284188151359558,0.008071991614997387,1597.54,1596.14,1604.16,1594.99,15.77046628575772,98.862378641963,4.892561239597853,113.0,8.0,4.0,1.0,1.0
110,2021-05-28,9.995560965500772,79.09315507113934,3.1809149305336177,0.7781616970896721,8.387045174837112,0.21076162159442902,0.5609491746872663,4.904360473155975,0.22741116071119905,0.8426898866891861,9.95401482284069,0.3872683697845787,0.0,0.0,0.0,1603.79,1605.78,1607.5,1593.69,12.177361723966897,102.33857554197311,4.0063560826238245,97.0,11.0,6.0,12.0,0.0
111,2021-05-27,12.607983456458896,109.12269806861877,5.89989526825957,0.2942920159548521,4.830756485462189,0.09152421401813626,0.8430250957608223,7.2436807453632355,0.25494885770604014,0.583500923588872,5.459407985210419,0.03064290020847693,0.14354625716805458,2.9133819341659546,0.12407136417459697,1603.67,1588.99,1604.16,1583.07,14.472347748931497,129.56992521882057,6.40108260436682,136.0,6.0,10.0,6.0,3.0
112,2021-05-26,16.913881165906787,128.57586478441954,8.052886955207214,0.6473356336355209,6.043534606695175,0.18255526944994926,0.5274248085916042,6.035347521305084,0.17829797323793173,1.3261878620833158,12.087467968463898,0.19538209703750908,0.07123275473713875,1.9145665168762207,0.02841434348374605,1590.58,1585.98,1592.95,1581.51,19.486062224954367,154.65678139775991,8.63753663841635,165.0,8.0,7.0,14.0,2.0
113,2021-05-25,12.89986658655107,111.51010753959417,5.348172491241712,0.01641303114593029,0.992888569831848,0.01169725600630045,0.22816647589206696,0.2568419873714447,0.0229873675853014,1.1712794043123722,11.746832489967346,0.4021718758158386,0.22956449165940285,2.910417079925537,0.04345856560394168,1580.69,1581.61,1584.61,1574.87,14.545289989560843,127.41708766669035,5.828487556253094,136.0,1.0,1.0,14.0,3.0
114,2021-05-24,13.498111436609179,89.46984012424946,4.482968427473679,0.10478750988841057,1.8912315368652344,0.051039475249126554,0.48282637260854244,3.465819001197815,0.16481175879016519,0.2855939343571663,2.635712742805481,0.06397945620119572,0.0,0.0,0.0,1570.9,1570.13,1573.83,1558.74,14.371319253463298,97.46260340511799,4.762799117714167,113.0,2.0,5.0,3.0,0.0
115,2021-05-21,11.788420014316216,86.51542703807354,4.535723980283365,0.0,0.0,0.0,0.2449285313487053,2.2008444368839264,0.028604000341147184,1.2426291815936565,10.458780258893967,0.22891720372717828,0.25523655116558075,1.6652425527572632,0.018226149957627058,1569.55,1557.24,1574.38,1549.37,13.531214278424159,100.8402942866087,4.811471334309317,107.0,0.0,3.0,13.0,2.0
116,2021-05-20,14.336106081493199,111.22181817144156,5.180753180407919,0.5289109013974667,4.058742374181747,0.16925771348178387,0.21386031061410904,1.6625308692455292,0.21632328256964684,3.156904771924019,29.54558515548706,0.40434532961808145,0.15641594305634499,2.8104543685913086,0.020488918002229184,1558.72,1558.53,1562.71,1541.08,18.39219800848514,149.2991309389472,5.99116842407966,138.0,6.0,3.0,35.0,3.0
117,2021-05-19,14.651152452308452,114.02685631811619,6.31114347311086,0.922322353348136,6.291649609804153,0.35478898556903005,0.5866905823349953,3.344572901725769,0.06492682686075568,1.642673347145319,18.216905534267426,0.4316635336726904,0.32494211196899414,2.500969886779785,0.03832581313326955,1552.91,1580.97,1580.97,1545.67,18.127780847105896,144.38095425069332,7.200848632346606,145.0,9.0,5.0,21.0,3.0
118,2021-05-18,16.487979769241065,122.40983188897371,6.058226555178408,0.5819700099527836,8.049394726753235,0.2193890567868948,0.688866525888443,5.1340653002262115,0.10451501701027155,0.9165469333529472,11.81364718079567,0.25862876465544105,0.626063197851181,0.6578630059957504,0.08262979239225388,1574.32,1568.37,1581.64,1568.02,19.30142643628642,148.06480210274458,6.723389186023269,154.0,11.0,7.0,14.0,2.0
119,2021-05-17,13.935622033197433,99.73897918313742,5.04986603721045,0.8771580960601568,8.896212548017502,0.23296711780130863,0.890497162938118,4.62120857834816,0.10886590229347348,1.489911636337638,9.567281663417816,0.2543440859299153,0.20637529902160168,2.693717122077942,0.014059224631637335,1551.36,1554.03,1562.17,1539.4,17.399564227554947,125.51739909499884,5.660102367866784,129.0,12.0,6.0,12.0,3.0
120,2021-05-14,7.9099413473159075,66.42488597333431,3.1191308713750914,0.8035534303635359,8.194800972938538,0.19971604272723198,0.7964583793655038,6.48996701836586,0.14157004677690566,0.5041574090719223,2.9202724993228912,0.11496780253946781,0.08877313882112503,1.2002090215682983,0.04263853654265404,1548.93,1557.45,1559.34,1546.47,10.102883704937994,85.2301354855299,3.618023299961351,84.0,11.0,9.0,4.0,2.0
121,2021-05-13,10.82247210200876,77.06298092007637,4.017940418794751,0.2738989945501089,4.140275061130524,0.12338089849799871,0.48051383718848234,6.281772553920746,0.15594436565879732,0.7614131346344948,8.393078356981277,0.24306514766067266,0.0,0.0,0.0,1546.93,1538.96,1555.65,1522.88,12.338298068381846,95.87810689210892,4.54033083061222,98.0,5.0,7.0,10.0,0.0
122,2021-12-05,15.274840607773513,139.8971234112978,6.168918979470618,0.1492339177057147,2.4349172115325928,0.09941026801243424,0.7742345789447427,5.4290235340595245,0.2592252902686596,0.40123299695551395,3.40612530708313,0.1472472003661096,0.14291238598525524,1.8846378326416016,0.01110895350575447,1548.02,1555.92,1564.72,1542.63,16.74245448736474,153.05182729661465,6.685910691623576,172.0,3.0,8.0,5.0,2.0
123,2021-11-05,9.181717888452113,63.441680774092674,3.8279621307738125,0.29845417477190495,2.4867294132709503,0.12430251389741898,0.3647313043475151,2.259328007698059,0.05447826674208045,0.05341333150863648,0.7490972280502319,0.1067005917429924,0.0,0.0,0.0,1552.63,1547.93,1558.62,1538.7,9.89831669908017,68.93683542311192,4.113443503156304,86.0,4.0,3.0,1.0,0.0
124,2021-10-05,3.2457950301468372,16.81378334760666,1.2447979026474059,0.0,0.0,0.0,0.0,0.0,0.0,0.0,0.0,0.0,0.0,0.0,0.0,1570.78,1577.52,1583.48,1565.08,3.2457950301468372,16.81378334760666,1.2447979026474059,24.0,0.0,0.0,0.0,0.0
125,2021-07-05,4.818197058979422,31.68236841261387,1.5937992946710438,0.0,0.0,0.0,0.33255688473582273,1.6025689840316772,0.03850672207772731,0.0,0.0,0.0,0.029322227463126183,0.9850529432296752,0.003603602992370725,1577.51,1561.46,1577.51,1557.08,5.180076171178371,34.26999033987522,1.6359096197411418,42.0,0.0,2.0,0.0,1.0
126,2021-06-05,7.416531673166901,62.59758457541466,3.059481398900971,0.21523099392652512,1.4790754318237305,0.03380545414984226,0.4192892499268055,3.5339271426200867,0.1794499447569251,0.7229233682155609,2.6808862388134003,0.09464129246771336,0.22095725685358047,1.4841562509536743,0.06435003876686096,1550.64,1533.18,1552.78,1532.37,8.994932542089373,71.77562963962555,3.4317281290423125,78.0,2.0,5.0,4.0,2.0
127,2021-05-05,5.261074637528509,35.91695389151573,1.8371353836264461,0.0,0.0,0.0,0.0,0.0,0.0,0.11874028667807579,1.7442391514778137,0.03380545414984226,0.0,0.0,0.0,1535.67,1515.33,1535.92,1514.06,5.379814924206585,37.661193042993546,1.8709408377762884,46.0,0.0,0.0,2.0,0.0
128,2021-04-05,5.952779142186046,49.272710755467415,2.778628133703023,0.2645481936633587,1.7871229648590088,0.04818405583500863,0.7763986978679895,3.9297295808792114,0.28335044998675585,0.40033078473061323,5.603737413883209,0.14946628361940384,0.5462105888873339,3.5820192098617554,0.0273395418189466,1502.58,1489.85,1511.3,1489.2,7.940267407335341,64.1753199249506,3.286968464963138,63.0,2.0,7.0,7.0,4.0
129,2021-04-30,13.567249207291752,90.09643561393023,4.24476860370487,1.3535295650362968,14.713207364082336,0.3451179345138371,2.059695713222027,10.146996408700943,0.45387865556403995,0.7274446738883853,6.592037260532379,0.23909971490502357,0.09010298550128937,0.812877357006073,0.01169725600630045,1485.03,1509.7,1512.29,1483.3,17.79802214493975,122.36155400425196,5.294562164694071,116.0,20.0,14.0,8.0,1.0
130,2021-04-29,16.70102919684723,128.28571774065495,5.203683413390536,1.1904697762802243,17.72851237654686,0.46009868336841464,0.9086031140759587,10.747181415557861,0.46771840774454176,1.1980927428230643,15.765184938907623,0.43919988232664764,0.12048951722681522,2.9465301632881165,0.010872977960389107,1510.72,1526.91,1530.97,1504.57,20.118684347253293,175.4731266349554,6.581573364790529,157.0,22.0,13.0,17.0,3.0
131,2021-04-28,13.680788409896195,102.12251118570566,5.763264758978039,1.3186684786342084,12.250600129365921,0.20698577305302024,1.2519349306821823,13.491050064563751,0.4998910934664309,0.23466414585709572,3.9827985167503357,0.09239911567419767,0.0,0.0,0.0,1509.06,1517.74,1519.37,1502.01,16.48605596506968,131.84695989638567,6.562540741171688,132.0,15.0,17.0,5.0,0.0
132,2021-04-27,15.672696098685265,114.0130997672677,6.792712316731922,0.3027525953948498,5.8126935958862305,0.1692465296946466,0.9893319047987461,6.273234069347382,0.10253273020498455,0.41646488662809134,7.7500676065683365,0.13985060981940478,0.0,0.0,0.0,1516.01,1517.4,1525.61,1507.32,17.381245485506952,133.84909503906965,7.204342186450958,147.0,7.0,8.0,9.0,0.0
133,2021-04-26,11.424992841668427,79.48700842261314,3.9573295280279126,0.6819582022726536,6.975541323423386,0.19314610306173563,0.5917839929461479,4.2210056111216545,0.16546372883021832,0.41754431650042534,3.696522891521454,0.04282603319734335,0.049065470695495605,1.8832222819328308,0.07471719197928905,1519.33,1515.84,1524.5,1510.05,13.16534482408315,96.26330053061247,4.433482585096499,105.0,10.0,6.0,4.0,2.0
134,2021-04-23,13.334496179129928,124.67211380973458,5.458844708860852,0.6032840027473867,7.7083282470703125,0.1661302149295807,0.9707933031022549,8.618829905986786,0.3884704173542559,0.5881926268339157,4.288558781147003,0.1457630367949605,0.03733688220381737,0.9783946871757508,0.003955406602472067,1511.85,1509.02,1516.65,1499.32,15.534102994017303,146.26622543111444,6.163163784542121,154.0,9.0,11.0,5.0,1.0
135,2021-04-22,15.992079216986895,112.41842477023602,5.299984484328888,0.2286122590303421,2.1799192428588867,0.07413455657660961,0.6217484343796968,5.45953494310379,0.18766824714839458,0.5276325270533562,5.435875177383423,0.16854646580759436,0.0,0.0,0.0,1501.77,1473.25,1502.76,1466.16,17.37007243745029,125.49375413358212,5.730333753861487,141.0,3.0,7.0,6.0,0.0
136,2021-04-21,10.76939008012414,80.41392656415701,4.797857850557193,0.36677928268909454,2.2110505402088165,0.0829628687351942,0.3501275619491935,4.389238893985748,0.16596363170538098,0.32024263218045235,5.352668881416321,0.14789667236618698,0.1067005917429924,0.5621865391731262,0.01972912810742855,1464.17,1458.92,1471.16,1451.86,11.913240148685873,92.92907141894102,5.214410151471384,103.0,3.0,5.0,6.0,1.0
137,2021-04-20,16.27151286508888,141.60935557633638,7.83348375861533,0.2506775986403227,3.5085403323173523,0.16305756475776434,0.6316565163433552,4.647645205259323,0.13312622485682368,0.610331223346293,8.425092160701752,0.13230957032646984,0.14013364911079407,1.8196779489517212,0.024929647799581293,1455.43,1482.48,1490.63,1450.56,17.904311852529645,160.01031122356653,8.286906766355969,177.0,4.0,6.0,9.0,2.0
138,2021-04-19,11.937276811338961,84.90644364058971,4.175779226468876,0.03964884206652641,0.9046605229377748,0.0191340371966362,0.4310345184057951,6.3630189299583435,0.19568593380972743,1.8683231957256794,12.521985545754433,0.6338775258045644,0.31136977300047874,1.737488865852356,0.10522075230255723,1476.58,1488.08,1493.02,1471.95,14.58765314053744,106.43359750509262,5.129697475582361,108.0,1.0,8.0,16.0,2.0
139,2021-04-16,16.620278392219916,117.02407028526068,6.687080982766929,0.40299004688858986,7.02571439743042,0.14513364993035793,0.09821942076086998,2.751185715198517,0.060864300583489246,1.06246324069798,6.408337295055389,0.23209551209583879,0.0,0.0,0.0,1497.05,1484.25,1497.05,1483.71,18.183951100567356,133.209307692945,7.125174445376615,151.0,8.0,3.0,9.0,0.0
140,2021-04-15,24.318723594769835,151.02933406084776,7.514785778243095,0.08261057175695896,1.030064731836319,0.14150910265743732,1.1425668969750404,7.166183561086655,0.11660268576815724,1.5751944109797478,15.03640902042389,0.39156222390010953,0.17244312539696693,2.7173306941986084,0.035682243295013905,1474.85,1437.95,1474.85,1435.54,27.29153859987855,176.97932206839323,8.200142033863813,199.0,2.0,9.0,17.0,3.0
141,2021-04-14,15.157713888140279,106.76372085511684,7.149259103971417,0.04469086229801178,0.8221991658210754,0.07370626926422119,0.36789147183299065,4.439705848693848,0.10070707276463509,0.28694766014814377,1.6118719577789307,0.07142832316458225,0.16277828998863697,2.6754267811775208,0.04005263582803309,1490.0,1488.52,1490.0,1475.0,16.020022172408062,116.31292460858822,7.435153404992889,145.0,1.0,5.0,2.0,3.0
142,2021-04-13,12.500453799031675,98.47989515960217,5.493105241563171,0.15611489117145538,0.6791887283325195,0.007825888693332672,1.5100901499390602,3.511416405439377,0.48154086037538946,0.69907021895051,6.426455438137054,0.21223873691633344,0.0191340371966362,0.9969346523284912,0.0028995804022997613,1458.51,1438.56,1459.44,1432.36,14.884863096289337,110.09389038383961,6.1976103079505265,126.0,1.0,6.0,8.0,1.0
143,2021-12-04,12.39177550189197,103.14301969110966,6.395812203758396,0.13656551018357277,1.3619210720062256,0.02847681101411581,0.11681777238845825,1.5947225689888,0.16011423151940107,0.5775217432528734,6.237332344055176,0.4575826164800674,0.040181901305913925,1.801191508769989,0.018029035534709692,1432.48,1412.29,1444.85,1409.51,13.262862429022789,114.13818718492985,7.06001489830669,132.0,2.0,2.0,7.0,2.0
144,2021-09-04,10.941788567230105,96.09140479564667,4.770625087083317,0.15239054709672928,3.0762628614902496,0.0881298459134996,0.3879234716296196,5.20634800195694,0.16324208583682775,0.9721120931208134,7.649700880050659,0.26336436183191836,0.02034235186874866,0.5078218579292297,0.1294127255678177,1417.77,1434.27,1434.71,1417.05,12.474557030946016,112.53153839707375,5.414774106233381,118.0,4.0,6.0,9.0,1.0
145,2021-08-04,17.077943586744368,121.27545764297247,6.314757916203234,0.380443062633276,4.586471080780029,0.08941774722188711,0.6802139412611723,5.64728769659996,0.09579378669150174,0.9328365623950958,8.834402978420258,0.16177189908921719,0.06372499465942383,0.9099169969558716,0.0695517510175705,1440.43,1439.51,1446.38,1427.86,19.135162147693336,141.2535363957286,6.731293100223411,154.0,5.0,7.0,10.0,1.0
146,2021-07-04,14.233101654332131,106.08842787891626,7.289641360053793,0.7046327218413353,2.8331256806850433,0.0793465687893331,0.34409170411527157,3.7998102605342865,0.1584116374142468,0.6958838775753975,8.072378993034363,0.4184256107546389,0.0,0.0,0.0,1429.51,1414.27,1436.87,1406.33,15.977709957864136,120.79374281316996,7.945825177012011,138.0,4.0,5.0,10.0,0.0
147,2021-06-04,11.854536666534841,93.31121642887592,5.19880505168112,0.21365461498498917,2.8951088786125183,0.03316649189218879,0.34541745483875275,3.07258141040802,0.2535095848143101,0.3208642527461052,1.3894961476325989,0.15318867564201355,0.27580233104526997,2.8199790716171265,0.021757663460448384,1426.86,1459.13,1461.17,1423.3,13.010275320149958,103.48838193714619,5.660427467490081,119.0,3.0,4.0,2.0,3.0
148,2021-05-04,9.15530402213335,72.9994263201952,3.1480194301111624,0.2342054769396782,2.5084308981895447,0.03355965483933687,0.3140605390071869,0.6370407938957214,0.00574024673551321,0.8451545760035515,3.358490288257599,0.06977245071902871,0.16027602553367615,0.8311530351638794,0.003603602992370725,1457.13,1465.04,1465.04,1446.29,10.709000639617443,80.33454133570194,3.260695385397412,92.0,3.0,1.0,4.0,1.0
149,2021-02-04,8.572638174053282,57.70329661667347,3.2897769436240196,0.6377351861447096,6.56431171298027,0.15426390920765698,0.4525163881480694,2.525691479444504,0.17436516284942627,0.7344285389408469,9.801768839359283,0.1337382309138775,0.07808816432952881,0.967909336090088,0.011341754347085951,1466.71,1472.31,1472.75,1462.98,10.475406451616436,77.56297798454762,3.7634860009420663,79.0,8.0,4.0,11.0,1.0
150,2021-01-04,17.51556279603392,127.21570901758969,8.70231150201289,0.34380734898149967,3.0960697531700134,0.0932386014610529,0.8681271933019161,8.93592682480812,0.3454536059871316,0.8137811031192541,8.766328990459442,0.1973381491843611,0.14968936890363693,1.4057428240776062,0.032967088744044304,1457.37,1479.37,1487.27,1454.07,19.690967810340226,149.41977741010487,9.37130894738948,175.0,4.0,12.0,10.0,2.0
